data/FG/image_76.jpg,0.24666232701689916,0.026291194825935386,0.001235466207309517,0.0003361100662345643,1.5042425241882916e-07,6.866067824117868e-06,-1.5583203794294277e-07,2
data/FG/image_44.jpg,0.24308715663157857,0.031086171509448663,0.0007388428668323765,0.00013491384590783766,2.4457880100334124e-08,7.027354510441196e-06,3.4873550711333505e-08,2
data/FG/image_86.jpg,0.23232664724967886,0.01616778103466196,0.0029632133310161027,0.00032525965452686223,-2.9751040326760333e-07,-3.932547850731479e-05,-1.1598758452926714e-07,2
data/FG/image_6.jpg,0.2769705702974322,0.037849963924765265,0.0036297246961839473,0.00041937202405475227,-5.097998255865704e-07,-8.097619616713606e-05,-8.842361671999525e-08,2
data/FG/image_90.jpg,0.30471539936439285,0.05738921606854855,0.0039653976043931,0.0004726170418501395,-4.702365878586698e-07,-9.538664362822802e-05,-4.4440143430522096e-07,2
data/FG/image_38.jpg,0.23349041536017606,0.027559531438080098,0.0007328898734231379,0.00018396285364856744,6.518136658611609e-08,2.7159355979118214e-05,1.7724708748018317e-08,2
data/FG/image_45.jpg,0.21360419798584973,0.015570820653150227,0.0018101046532230155,0.00039584831498843065,2.9589704771321956e-07,3.2724487546917166e-05,1.5723152595622549e-07,2
data/FG/image_42.jpg,0.33864701363179034,0.07569105515809074,0.006226630418836148,0.002770397401579578,1.0919200082302185e-05,0.000635457633289957,3.628832128753674e-06,2
data/FG/image_46.jpg,0.24744730885533298,0.03445609151037776,0.0008082215410688622,0.00031701929680078673,1.6026896504335008e-07,5.7279572970851285e-05,-8.0292299917694e-09,2
data/FG/image_66.jpg,0.2703816718470875,0.037228785658219216,0.0024578362112244057,0.00029593248584170237,-2.0680351379868765e-07,-5.094700286712277e-05,-1.4467567209571125e-07,2
data/FG/image_91.jpg,0.30925349656278966,0.06535250070555329,0.002771600255245036,0.0007326293382101559,8.471106533312169e-07,0.00010065687026693303,6.101603530251355e-07,2
data/FG/image_17.jpg,0.36832256343842323,0.09393291531117193,0.0057823202774750365,0.0007336250987632379,-9.651022139460538e-07,-0.00016732535734737572,1.1626161935016827e-06,2
data/FG/image_79.jpg,0.281122866660733,0.03800801481632218,0.005737209229078166,0.0006506887605901516,-1.1602347310342536e-06,-0.00012004135487881588,4.842007532747832e-07,2
data/FG/image_9.jpg,0.32020968724971255,0.05980197055619097,0.005208760885259426,0.0007445044338708778,-4.736598749462814e-07,-8.44647257373096e-05,1.3874943486514845e-06,2
data/FG/image_2.jpg,0.2612919697243765,0.036194223216903625,0.0020719016107260692,0.00021024166018624498,-1.3875781491677565e-07,-3.994675717685363e-05,-6.840851714032896e-10,2
data/FG/image_100.jpg,0.2860477530125188,0.04256280821526909,0.003879938117849603,0.0007659778211094466,5.342826701764754e-07,1.9391144588073276e-05,-1.2075796106728049e-06,2
data/FG/image_62.jpg,0.2724327394471115,0.03877512138824061,0.0027917833549029277,0.00028617777581273234,-2.5525217275650975e-07,-5.635173350295894e-05,1.6679698826476454e-08,2
data/FG/image_61.jpg,0.2966629382415478,0.04844263295286203,0.004289464250726802,0.0005808382771527218,-2.7363249082814774e-07,-7.005275732054146e-05,-8.750344547678585e-07,2
data/FG/image_97.jpg,0.2901187467302488,0.04815224081065526,0.003542372170142856,0.0010977010507807116,1.7654967407382467e-06,0.00013075960261918024,1.2523652035663679e-06,2
data/FG/image_96.jpg,0.25619732811545487,0.035431663234367305,0.0019490448256256005,0.00017872515350980827,-9.996047921264825e-08,-3.2131182236392224e-05,3.368861038657925e-08,2
data/FG/image_14.jpg,0.21075849720699988,0.0135408100337875,0.002749771458210233,0.0005574488695943141,6.72256294077057e-07,6.088266917668138e-05,1.5622299271618997e-07,2
data/FG/image_95.jpg,0.26005003500712753,0.039101875889768455,0.0012666827946230504,0.00028080880586314473,1.3328621501896613e-07,3.363174417875772e-05,-1.0140347536911532e-07,2
data/FG/image_81.jpg,0.27698304381332584,0.040144989694448165,0.003647664560574693,0.0005567706204270802,6.82528271276868e-08,-1.9245069044554575e-05,7.905132900146163e-07,2
data/FG/image_67.jpg,0.3143887993704313,0.062148650362641326,0.005174247829476014,0.000968144996931607,9.290455063416096e-07,1.2087883799589687e-05,-1.957608118962858e-06,2
data/FG/image_68.jpg,0.2808101540738259,0.041069900070437974,0.00313742210354416,0.0005894760270417198,1.7678797650015564e-07,-2.018504420717744e-05,-7.819152125111977e-07,2
data/FG/image_71.jpg,0.30599920243479045,0.05743778873140167,0.003123211536765023,0.0004780941790877755,-2.559733099051013e-08,-4.0249048871518e-05,-5.836515085345642e-07,2
data/FG/image_13.jpg,0.25367876856318644,0.03556312354463286,0.0011665690566024514,0.0003167910607394783,1.6368937810601705e-07,3.7664359219264195e-05,1.0145653348853244e-07,2
data/FG/image_22.jpg,0.27262532349600815,0.04059224722529946,0.002144572840922013,0.0002236991276249013,-1.5438579109558063e-07,-4.5035838291555094e-05,-1.3107031311286308e-08,2
data/FG/image_54.jpg,0.35782758120060315,0.09275778576262568,0.0032694068752639254,0.0007858698144552105,7.818180150929513e-07,6.982835956693346e-05,9.877021243074155e-07,2
data/FG/image_104.jpg,0.28619490185523194,0.05038535574717631,0.0050013581764513345,0.002386212824248244,8.233679593441632e-06,0.0005333091501302874,4.007394152031278e-07,2
data/FG/image_47.jpg,0.25455194522791696,0.028139036605330552,0.0037531992814379012,0.0004656409267982094,-2.5275878467948086e-07,-4.4037246969553815e-05,5.612838563496224e-07,2
data/FG/image_4.jpg,0.28095484305644564,0.03767842872118717,0.0058849361384751804,0.000640482136182524,-1.2402751594408688e-06,-0.00012432233463093899,8.892344646898095e-08,2
data/FG/image_110.jpg,0.32284611469637053,0.05528926667114636,0.01150308079299724,0.0034366427801020946,1.705931452666771e-05,0.0005021647831884807,1.3261703132912704e-05,2
data/FG/image_117.jpg,0.3138970058715107,0.05882231439855531,0.005938096523773257,0.00172413668438669,4.446515364100486e-06,0.00023856737725527736,-3.265383887579727e-06,2
data/FG/image_35.jpg,0.2488216881595076,0.02708156044149704,0.003394059635735841,0.00040204268223569006,-8.563185252357153e-08,-2.3780850480804715e-05,-4.6177035273798507e-07,2
data/FG/image_105.jpg,0.29135370503594094,0.050788141488255514,0.004743307183839351,0.0017370266328636233,4.6139754813033256e-06,0.0002923885142954215,-1.8897632120943595e-06,2
data/FG/image_75.jpg,0.2303640705361051,0.019679946164461847,0.0027596464939751053,0.0002803585878850916,-1.2084691394780247e-07,-2.7461028400503378e-05,-2.1496239125558614e-07,2
data/FG/image_102.jpg,0.25580268590423555,0.0388960152109774,0.0007676698894894281,0.00021013345425311867,7.94042408862849e-08,3.253936346655179e-05,-2.8599300148035108e-08,2
data/FG/image_89.jpg,0.21027481091068073,0.016269660547599034,0.0008935658271543094,0.00018453146354361298,6.891488605689638e-08,2.0605301202529393e-05,2.942081293520254e-08,2
data/FG/image_41.jpg,0.2634102387655008,0.03940335570849357,0.0014096668683093987,0.00030285904392375205,1.3316823739351724e-07,1.6173154098013645e-05,-1.4637557967258836e-07,2
data/FG/image_40.jpg,0.19198827893006365,0.010730299138897385,0.0002475032955745137,3.5759694906504194e-05,3.149814412841698e-09,3.300339999321873e-06,1.1817272145028793e-09,2
data/FG/image_16.jpg,0.2593242602194251,0.031129748389803848,0.0034711552783636573,0.0004025147082847238,-2.3767952722863457e-07,-4.2217343235557976e-05,-4.121634006735921e-07,2
data/FG/image_93.jpg,0.3313035727072673,0.07175273808139937,0.006203549189791155,0.002175854929605858,7.130325291282195e-06,0.0003680225942047357,-3.6142433447317553e-06,2
data/FG/image_108.jpg,0.3066916828228973,0.06176409830961921,0.0054299507662908504,0.00321552461963724,1.3357234514949838e-05,0.0007465330314586534,-1.4543482062849084e-06,2
data/FG/image_74.jpg,0.27155428164951917,0.03423389380281268,0.0035633886625652074,0.0004749926122692881,-2.2479183128164937e-07,-5.1713469652344634e-05,5.756264919301307e-07,2
data/FG/image_87.jpg,0.29088149152840326,0.05186911752794493,0.0032812729310316823,0.0004986676193127983,1.3216401865970267e-07,-1.745698199041858e-05,6.24036529250889e-07,2
data/FG/image_112.jpg,0.29157275187023185,0.04550569568849792,0.005430607907160727,0.0006413608521218062,-8.768747495667235e-07,-0.00011325835910497677,-8.147345705637084e-07,2
data/FG/image_26.jpg,0.2685176409357105,0.037289383279430606,0.0027897477919696352,0.0002957500605102696,-2.6481021348737273e-07,-5.663927804517237e-05,-4.519609055565769e-08,2
data/FG/image_29.jpg,0.2544203790905692,0.03469735742291016,0.0015033863400529604,0.0002275921082330171,4.231841338501991e-08,-1.5822472783225515e-06,1.2622342988573004e-07,2
data/FG/image_106.jpg,0.3550787022171748,0.09716601127152943,0.0017055052683655327,0.0006911696574250651,7.102155786622217e-07,0.000161654548914187,2.423257080885669e-07,2
data/FG/image_15.jpg,0.260029108505404,0.02711130642679601,0.005636668124449651,0.0021744089672780047,6.962839925136592e-06,0.00027790818225591565,-3.076993381414257e-06,2
data/FG/image_109.jpg,0.326376950137004,0.07413127259317304,0.004058882693319317,0.0012188383580156162,2.3175302567417123e-06,0.00018785933077852267,-1.406532719944998e-06,2
data/FG/image_18.jpg,0.27364902428066434,0.041096587905790204,0.0035894882307312284,0.0003464400914345558,-3.782467924577344e-07,-6.9573697204618e-05,-7.861467409897358e-08,2
data/FG/image_83.jpg,0.26706548146006615,0.03819038860592076,0.0026338927604860245,0.00034024225132794623,-5.354561700854768e-08,-3.258623081307663e-05,3.1761112426961355e-07,2
data/FG/image_33.jpg,0.2640969883136188,0.037028628976511734,0.0021389213772516798,0.00027057308163780424,-6.491589389525238e-08,-2.8235969604429417e-05,-1.9533295402086728e-07,2
data/FG/image_85.jpg,0.23477518276023948,0.018332427773145824,0.0029118181360337538,0.0004987868438161164,1.478623586108139e-07,-6.557760216037196e-06,5.826414379970171e-07,2
data/FG/image_72.jpg,0.2907912781637776,0.05244417048323827,0.0028213499339871644,0.00038191658659956357,-4.5032875202693714e-08,-3.400215008186542e-05,-3.9387746466932897e-07,2
data/FG/image_69.jpg,0.2530680008617061,0.03295607781537006,0.0018213905240052463,0.00027684048478794724,6.294703007682583e-08,-5.0312576689479635e-06,1.862324989344033e-07,2
data/FG/image_52.jpg,0.37998282147766027,0.10740406002157248,0.004456619743945243,0.0006878597332271556,-3.05186468868553e-08,-8.19819836724654e-05,1.2039629934367257e-06,2
data/FG/image_125.jpg,0.2446926911261535,0.024698525520794733,0.002668284876413335,0.00029451036415342215,-1.9665933001894812e-07,-3.6654392231910984e-05,-1.717142753529006e-07,2
data/FG/image_103.jpg,0.31428533135586567,0.06099326422427202,0.005339081230114756,0.0012480485013551367,2.0899289352829426e-06,0.00010780054449427412,-2.4518006110841677e-06,2
data/FG/image_23.jpg,0.26829348192411595,0.03757188612497183,0.002836320329197326,0.00037569068442142294,-6.223219582295711e-08,-2.713106717097433e-05,3.8278807565318126e-07,2
data/FG/image_124.jpg,0.36222078203628927,0.09157223988766146,0.008354706565921693,0.0032762960238666315,1.5753627855465887e-05,0.0006771926535106075,6.755938329983013e-06,2
data/FG/image_49.jpg,0.31820395658419437,0.056489515577492724,0.006508318798252599,0.0015913942094800066,3.0806348510885248e-06,0.0001135405441061061,-4.091444892562495e-06,2
data/FG/image_78.jpg,0.27222266709517984,0.042085508612496166,0.0021985911747906895,0.00022401318953492038,-1.5720940441505048e-07,-4.595405779501769e-05,-6.833059623533214e-10,2
data/FG/image_24.jpg,0.330136131649468,0.07144268529771902,0.0034904842746367667,0.00048301219429795956,-1.97380189656466e-07,-6.146493840165989e-05,-5.952929418678974e-07,2
data/FG/image_5.jpg,0.2836342573331454,0.04279972492408657,0.003700403267063799,0.00041723163535944036,-4.65714285829121e-07,-7.84324789889527e-05,-2.2777220188299717e-07,2
data/FG/image_65.jpg,0.2810043449027538,0.043360887535821735,0.0028958414938107403,0.0004252031293139821,-3.645336773543913e-08,-3.386633958831169e-05,-4.7041591577633524e-07,2
data/FG/image_63.jpg,0.2975787433696756,0.05782001153966352,0.00261619019188465,0.0003121549329472505,-7.264156104213375e-08,-3.4165649211472507e-05,2.725780683454959e-07,2
data/FG/image_30.jpg,0.28972406305260046,0.05157515284734928,0.002698409549826804,0.0005727186681806823,4.230123238442499e-07,3.9627460224114886e-05,-5.726881962123201e-07,2
data/FG/image_77.jpg,0.2949438046131935,0.053566404449708074,0.0027844872850728676,0.0003135412127934298,-2.0939318504722895e-07,-6.107443559158172e-05,-2.0489637221229362e-07,2
data/FG/image_70.jpg,0.23107605169485998,0.021060870960519604,0.0020800012485471127,0.00023713207566802917,-3.986127176829384e-08,-1.7180107464448e-05,-1.6169874305956518e-07,2
data/FG/image_122.jpg,0.2505293915174394,0.02896117342462949,0.003316070435208183,0.0007632548581350139,9.150287475855227e-07,7.09423691176572e-05,-7.982359529149656e-07,2
data/FG/image_118.jpg,0.25490925621891775,0.029101044789396197,0.002574021163838188,0.0003028705458136884,-1.968115877023114e-07,-4.4105817634602926e-05,1.810467028273543e-07,2
data/FG/image_39.jpg,0.272093809711173,0.039310976208979366,0.0036200402033043917,0.0020794481117788425,5.614471457779036e-06,0.00040530097093875137,-1.014006786303761e-06,2
data/FG/image_19.jpg,0.27921784721164244,0.045962279397341606,0.002742937913779486,0.0002756600937453072,-2.1834554820115356e-07,-5.496040421513165e-05,9.890158901088947e-08,2
data/FG/image_114.jpg,0.2708590427537923,0.037169321229874486,0.0035440152847893416,0.0009994009166372044,1.5117893239747973e-06,9.631612720385164e-05,1.118991804263953e-06,2
data/FG/image_56.jpg,0.3123198314298232,0.06308652276866315,0.0033130823991953363,0.0006737677094881725,5.397875166959257e-07,2.256243859475111e-05,8.496983251419297e-07,2
data/FG/image_43.jpg,0.22949577379432343,0.023318236739649115,0.001335089185519442,0.00024907796237441844,9.766436247224957e-08,1.4812297444474341e-05,1.0532083407997164e-07,2
data/FG/image_121.jpg,0.31815671368049026,0.06861488409589565,0.002452174543821381,0.00029983431540286714,-1.185805865682863e-07,-5.1038355658015166e-05,2.2811777683095995e-07,2
data/FG/image_12.jpg,0.30937972426905935,0.05958966002062875,0.003938420598984413,0.0006034874666911483,-1.7206894036735543e-08,-5.398413370038842e-05,9.302274345939167e-07,2
data/FG/image_119.jpg,0.3156888685764337,0.06344182199000646,0.008825785163172346,0.00491539613763893,3.211242895047943e-05,0.0011922343493023342,-4.117662439787406e-06,2
data/FG/image_8.jpg,0.23312177955668983,0.01825212151464962,0.0026078016380597017,0.00030301490432349873,-1.529330327799334e-07,-2.9468177820099638e-05,-2.2173486494886566e-07,2
data/FG/image_58.jpg,0.3537023345015848,0.08669635974066257,0.00794863798767327,0.003170505016329685,1.4753579788037233e-05,0.0006520950480612185,5.971338525748628e-06,2
data/FG/image_84.jpg,0.32013861818756356,0.06016846617505249,0.005373601321651383,0.000881974668586972,1.1602447440161324e-07,-3.33226863202972e-05,-1.9165605089724327e-06,2
data/FG/image_82.jpg,0.2707952833469494,0.03215000147092045,0.0037133011014004345,0.00044444433100664283,-5.578342263098149e-07,-7.866364308597983e-05,1.217250268270844e-07,2
data/FG/image_21.jpg,0.2734068316258438,0.03604295913018855,0.0035330385909273475,0.0003936683927003672,-4.045965536396029e-07,-6.925391213286126e-05,2.277008033600855e-07,2
data/FG/image_113.jpg,0.30207018149262765,0.05738880938685429,0.0031172846993379115,0.0007899648029491669,9.195436481028948e-07,8.955063826992745e-05,-8.313705503276916e-07,2
data/FG/image_59.jpg,0.36489846290180966,0.09961693044489286,0.005868027775216775,0.001972819154953542,6.0184034514451435e-06,0.00038669450704093846,2.972366153638025e-06,2
data/FG/image_60.jpg,0.3121851728333921,0.06290250358301402,0.003608197533758135,0.0006207473835062622,2.657803659350415e-07,-1.8515019086579015e-05,-8.901735179638294e-07,2
data/FG/image_88.jpg,0.32786235809168207,0.06973779250552078,0.007269139473863136,0.0032491558971220183,1.5101161691148428e-05,0.0006835934788068689,-4.614809117692675e-06,2
data/FG/image_27.jpg,0.3082774085931507,0.05881214525693514,0.004095089471952263,0.0005839813300451908,-1.4651563002994388e-07,-6.13753348397234e-05,-8.911236557393852e-07,2
data/FG/image_73.jpg,0.26505887455467236,0.03515044324928848,0.0040090664993326156,0.0004207510901235973,-3.4906186816873323e-07,-6.171540985820112e-05,-4.204472543391594e-07,2
data/FG/image_10.jpg,0.31173959041657306,0.06672653153852394,0.002185072412722696,0.00022123061065747478,-1.5380369915632598e-07,-5.714713562047757e-05,-1.9235848037801207e-09,2
data/FG/image_57.jpg,0.28390964923349626,0.04695497009424916,0.002021049597341189,0.00030448981402554653,-1.013348110587802e-08,-2.1722873253213596e-05,2.3864726820361695e-07,2
data/FG/image_31.jpg,0.2728084055038003,0.037147563296575786,0.0024443766585258344,0.0003019070925742667,-2.3095594586453305e-07,-5.684174849376793e-05,1.1800078466770388e-07,2
data/FG/image_37.jpg,0.2520519849391509,0.029681729766806643,0.002033865005184012,0.00027351202547613054,-1.0620776272739164e-08,-1.9750063965581135e-05,-2.037212385331798e-07,2
data/FG/image_94.jpg,0.26508794337587205,0.038817527164263496,0.0025044950691868696,0.0002439760726163005,-1.4448462848874962e-07,-3.998412821727797e-05,1.2448192163352283e-07,2
data/FG/image_36.jpg,0.25099782334837717,0.030778403589202447,0.0015036918639315814,0.00017676728188158,-3.920302839195247e-08,-1.2154763966115933e-05,-8.227149000439295e-08,2
data/FG/image_101.jpg,0.27707080458180644,0.042942912702347714,0.002962096724403525,0.00036268856106503905,-1.1163677187741364e-07,-4.564772458086619e-05,-3.5896561722821336e-07,2
data/FG/image_34.jpg,0.3096826735775503,0.0550154230175,0.004207439462573237,0.00047634695981361866,-6.284066331415765e-07,-0.00010697511778988741,-2.44685898234688e-07,2
data/FG/image_20.jpg,0.28981931267958616,0.05156296435727043,0.0031307759176123044,0.0003122410159289348,-2.787372212970446e-07,-6.558827276994566e-05,-1.3270987789232653e-07,2
data/FG/image_48.jpg,0.32158888136737784,0.06942021379634139,0.0032455875209913046,0.0003781940678333316,-2.666507776780862e-07,-7.815330528878923e-05,-3.2320607863095437e-07,2
data/FG/image_32.jpg,0.23118130733138825,0.021891859683450997,0.002114544432176119,0.0001831259382350525,-1.0534098498074746e-07,-2.5646225744025908e-05,4.346271880096004e-08,2
data/FG/image_25.jpg,0.2558882374797708,0.027134393385997088,0.002588565140421873,0.0003052857473919338,-2.3380656349031537e-07,-4.7289842283684e-05,1.3778787082973147e-07,2
data/FG/image_55.jpg,0.25788222183839393,0.03326322531098531,0.0025973116074135445,0.0002920576437596511,-1.3406577900379923e-07,-3.660868427886078e-05,-2.161716146648839e-07,2
data/FG/image_3.jpg,0.25744207492621096,0.028445922535080326,0.003355528108025553,0.0003598064855608299,-3.288391887000584e-07,-5.484199586017864e-05,2.1947204481631881e-07,2
data/FG/image_116.jpg,0.27489498009648433,0.04006187931620714,0.0048024657886869965,0.0021529374452778274,6.649393069477276e-06,0.000365141524725682,-1.926181115990845e-06,2
data/FG/image_50.jpg,0.3140639813296745,0.06299184501146825,0.004061533274640806,0.0005451355243193993,-2.6630548471071897e-07,-8.318917284095725e-05,7.661901936948187e-07,2
data/FG/image_120.jpg,0.29288456414066344,0.05142488203600993,0.002257834298139153,0.00027966795007479704,-1.2663482582058185e-07,-4.5517540267671466e-05,1.8262386417588315e-07,2
data/FG/image_53.jpg,0.2971375138609784,0.05391597421285737,0.0041440843190231145,0.0009466540235804361,1.270926343781138e-06,6.307689385644072e-05,-1.378539217941569e-06,2
data/FG/image_92.jpg,0.24450929175171932,0.025701151515368583,0.0020328858814809237,0.0003477001880524628,8.292912085271749e-08,-5.2541700211967675e-06,2.8031384531135674e-07,2
data/FG/image_99.jpg,0.21891884124225797,0.015824835117138433,0.0016652587722699973,0.00014872093215898767,-6.449476812721282e-08,-1.7499613692502628e-05,-3.630595201524641e-08,2
data/FG/image_1.jpg,0.26811438383513003,0.0373676818856185,0.0029604173734989565,0.00036036131281363005,-1.5786129280181149e-07,-4.322131418377017e-05,-3.370717097366525e-07,2
data/FG/image_7.jpg,0.26993492865059726,0.038354392255331674,0.0035934088519205118,0.00039311481167665673,-2.44605184393166e-07,-5.525596652377053e-05,3.9808779583533895e-07,2
data/FG/image_28.jpg,0.3015477565949723,0.055373849014568974,0.00290406788899712,0.000353443660980394,-2.437880893004307e-07,-6.675980254094619e-05,2.6227997891702007e-07,2
data/FG/image_115.jpg,0.28194623922329315,0.0417997015971753,0.003611823790135988,0.0004237646457954721,-3.288994208945759e-07,-6.441993166469938e-05,-4.082625630916017e-07,2
data/FG/image_51.jpg,0.3137218297585866,0.05865558742273805,0.004746785291341489,0.000910141914008401,6.927748353567289e-07,1.9137114014468795e-05,1.760334212449298e-06,2
data/FG/image_111.jpg,0.3018723606968885,0.05637842347865341,0.0038231382855085246,0.0006012613923451478,1.436351934110551e-07,-3.243675171484445e-05,-9.002144375529507e-07,2
data/FG/image_64.jpg,0.26396725894083894,0.03568600729277825,0.0018185545365616265,0.00021573283416632678,-1.0224608863396877e-07,-3.464862061015719e-05,-8.834396965394109e-08,2
data/FG/image_80.jpg,0.2532797183805576,0.026754350588041428,0.0031262663668645513,0.0003915276160508552,-2.187875615714095e-07,-4.366221703057512e-05,-3.738538646577307e-07,2
data/FG/image_98.jpg,0.2123209157843624,0.012655791577890492,0.0015445327690997695,0.00037501416487010174,2.5770073119460263e-07,4.114191557648649e-05,-1.2267654038931745e-07,2
data/FG/image_123.jpg,0.23164882365907397,0.01844299850666696,0.0017978015390949017,0.0002416565141568011,-6.782232446153814e-08,-1.9049183990597917e-05,-1.4412187116379034e-07,2
data/FG/image_107.jpg,0.2802583236342922,0.04357179362088959,0.002894003766521943,0.0004531498812327783,7.843147179136333e-08,-1.1990003662666526e-05,5.129729821306536e-07,2
data/FG/image_11.jpg,0.2845178052099689,0.0479611993479541,0.00300522645455436,0.0003249189287181347,-2.130747624618237e-07,-5.7580943451009876e-05,-2.401785827078737e-07,2
data/P/image_76.jpg,0.2891107490196437,0.049074641645940865,0.0028665264640972132,0.0005029867158083407,1.3812463122142065e-07,-8.073243827229398e-06,-5.879599915932952e-07,3
data/P/image_44.jpg,0.2791384270921188,0.048458273602394075,0.0017326150627370788,0.00019331606228288985,-4.062052467115988e-08,-2.2656097410423072e-05,-1.0424555597592171e-07,3
data/P/image_86.jpg,0.18538948361475482,0.0065086035000709655,0.0005047346797714922,7.878185187999462e-06,1.4049500389928992e-10,2.2745285352563962e-07,-4.765072834466255e-10,3
data/P/image_6.jpg,0.23088774256492203,0.026385594231180018,0.00010637318004001045,2.3394953703855526e-05,7.700702697773475e-10,2.2138718208378477e-06,-8.769603974217098e-10,3
data/P/image_38.jpg,0.18729866907783613,0.005992747373742659,0.0009048542570002603,0.00016812666933348246,6.349167873849765e-08,1.2702160730738509e-05,-1.6401366567021087e-08,3
data/P/image_45.jpg,0.2738886043822123,0.040858148775436,0.0016553203572888739,0.0006494339765894487,5.837573747248582e-07,9.141368096140068e-05,-3.3560859674649634e-07,3
data/P/image_42.jpg,0.22449395937187203,0.022162667130268612,0.0008312328726043534,0.00020870694718568738,8.416710835857874e-08,2.2667552795851613e-05,2.1739814660148013e-08,3
data/P/image_46.jpg,0.28595776673695605,0.05463873621576916,0.0008506134223414056,0.0001984441528105178,6.524414137464833e-08,2.5326266657234157e-05,-4.889305348341505e-08,3
data/P/image_66.jpg,0.23234810326832864,0.02601342693838071,0.00024431270639356544,2.9850025123403036e-05,-1.5932537494005416e-09,-3.437340670179991e-06,1.9898616113805172e-09,3
data/P/image_17.jpg,0.3964378221922484,0.11813384103030895,0.00743764542530325,0.000878681179379339,-1.5933807255058344e-06,-0.00024321755018890523,-1.5833290934218191e-06,3
data/P/image_79.jpg,0.2472333691218063,0.0316278385946483,0.0018526190690250283,0.0006080716035062891,6.028889164252453e-07,7.831011667111746e-05,-2.303449629344149e-07,3
data/P/image_9.jpg,0.2917178881455925,0.056212029729392675,0.0013030333265429644,0.00017799573349032698,3.9288559934381205e-09,-1.2547736466928708e-05,-8.563188938817936e-08,3
data/P/image_2.jpg,0.22913292006255218,0.02430180924139776,0.0005350005057366713,5.426346925783714e-05,-2.0537023991345193e-09,-2.1316955998102053e-06,-9.01469560702059e-09,3
data/P/image_62.jpg,0.2453024492086239,0.03296686513695184,0.0004597760639308765,8.198602143734659e-05,8.869753521489893e-09,2.3481292880103532e-06,-1.3217551126026962e-08,3
data/P/image_61.jpg,0.2525974895771835,0.03585540596170646,0.0007655066700985692,0.00022389377282257242,8.947169474903159e-08,3.5940672820485196e-05,2.4216422218925723e-08,3
data/P/image_14.jpg,0.20232765322632254,0.014823999390745997,0.00012360584971846873,1.1238222371118989e-05,5.7281039261578905e-11,-1.0365352062600517e-07,-4.1492192437658095e-10,3
data/P/image_81.jpg,0.24216968178170667,0.031460943480233726,0.0006634466782780348,8.314454700267756e-05,5.9340331219224305e-09,-3.0655804378266364e-07,-1.8604376897117343e-08,3
data/P/image_67.jpg,0.23092698999781355,0.026572359840703125,0.0001967153686489187,2.5637204568362736e-05,5.023350329131263e-10,6.900874099322825e-07,1.7499730961124454e-09,3
data/P/image_68.jpg,0.23201066497267064,0.025917351977269642,0.0006763807636616831,9.264274799697625e-05,6.1345421908735174e-09,-3.611567730032016e-08,-2.2364553583027804e-08,3
data/P/image_71.jpg,0.2156764566772456,0.019245504399353963,0.0004951561787229855,4.4365567589310336e-05,-3.029019441429417e-09,-3.8012442476854333e-06,-5.8364807813199965e-09,3
data/P/image_13.jpg,0.26037106287758227,0.03999254829318245,0.000385881199179464,0.00020457350327023104,5.609701515321868e-08,3.76101299842928e-05,-1.2523327865469196e-08,3
data/P/image_22.jpg,0.24216365023722733,0.03116312743291763,0.0007448727496859171,6.395908682561574e-05,-1.1185443504583065e-08,-9.924455867652895e-06,8.353175258829634e-09,3
data/P/image_54.jpg,0.2793374025873673,0.04573326797927045,0.0037434716116771017,0.0008771007189060997,1.390231800600908e-06,0.00014569445632268843,-7.701915632861562e-07,3
data/P/image_47.jpg,0.21874088305135952,0.020999112739171686,0.00022758674378139845,1.4189321172076809e-05,3.0186702575329285e-10,3.3702695561260426e-07,7.476988854842102e-10,3
data/P/image_4.jpg,0.20457099726599887,0.015920924126830764,2.2083025290710876e-05,3.327529704043086e-06,8.659718811972593e-12,5.0937432247688005e-08,-2.7177830542172903e-11,3
data/P/image_35.jpg,0.2392386702524921,0.030410615695351702,0.0004210049946943969,8.056786853243388e-05,1.2136377450892555e-08,9.421631078239515e-06,-8.537318627936837e-09,3
data/P/image_75.jpg,0.2514789419518961,0.035116740644993594,0.0003875906104588366,0.00010257884271618379,1.5412220597458898e-08,9.792501707739872e-06,1.344693511439392e-08,3
data/P/image_41.jpg,0.18366935165734338,0.007125050395651775,0.00013177200674855844,4.496014615488212e-06,-1.0612722061350143e-10,-3.745828461928763e-07,-2.6699472057255485e-11,3
data/P/image_40.jpg,0.2362905061165846,0.028322426577677265,0.0005245182915025114,2.9151317636964554e-05,-3.4796545421502556e-09,-4.683571594423668e-06,-9.41156317094208e-10,3
data/P/image_16.jpg,0.23421172522453623,0.02776996565997046,0.0006200270433969121,7.431489757332333e-05,2.4279953625713607e-09,-2.1870095484919465e-06,-1.576628778768308e-08,3
data/P/image_74.jpg,0.21837632773440097,0.020097943555906918,0.000488775055876526,9.49730985432152e-05,2.0227221338160164e-08,1.3435960306310762e-05,-3.093077523259207e-09,3
data/P/image_26.jpg,0.2926704309695434,0.05688051046537174,0.0014003565012530874,0.00015405090827843535,-3.225035257192498e-08,-2.3165555778814947e-05,6.387065206257883e-08,3
data/P/image_29.jpg,0.23358542132455876,0.02768179944694352,0.0002009354638441637,1.1516708499787074e-05,-3.120943393362177e-10,-1.5534349834521724e-06,4.577431637007608e-10,3
data/P/image_15.jpg,0.28045776034554537,0.05062859970988659,0.00034493387303542375,4.988523281895481e-05,-8.431972633448008e-10,-4.3269539081786345e-06,6.489185643511704e-09,3
data/P/image_18.jpg,0.20757201003198186,0.013536222476712262,0.0011533225189070157,0.00013951022673649736,4.014955162126805e-08,1.8289720749916851e-06,-3.898246278183587e-08,3
data/P/image_83.jpg,0.23245467699676198,0.027566493215080798,0.0003735653696876216,8.292684011787758e-05,1.421561395317127e-08,1.2975250616348651e-05,3.309351993054916e-09,3
data/P/image_33.jpg,0.3390699724838551,0.07746351548933074,0.00670883448983956,0.0007320120220349203,-7.164541713711653e-07,-0.0001508753199087323,1.4553980171898772e-06,3
data/P/image_85.jpg,0.17644281186818628,0.0051484658431713475,0.000174338234815916,1.677271016486911e-05,9.060112381125504e-10,1.1831211311180366e-06,-4.206569052873077e-11,3
data/P/image_72.jpg,0.2626396637409697,0.04134460252954812,0.0004525781181365668,4.861522800393549e-05,-5.274341473933359e-09,-8.369793695196865e-06,-4.917538290767744e-09,3
data/P/image_69.jpg,0.2813347088818941,0.05209106864503976,0.0005680153545017438,6.5015850341828e-05,-2.9535155602624363e-09,-7.523777283546783e-06,1.2140103229819371e-08,3
data/P/image_52.jpg,0.2852689084046059,0.0548985953900355,0.0003461205312019019,3.10772947775867e-05,-3.1497531725610112e-09,-7.069036053064593e-06,6.838522953907401e-10,3
data/P/image_23.jpg,0.1771123228234248,0.004456117856462787,0.0003978795673031281,9.992315173308738e-06,-9.972599885477433e-12,-6.851175314065502e-08,6.299710538115499e-10,3
data/P/image_49.jpg,0.24527378596968485,0.03171713930453039,0.00143796098492086,0.00037752775569381314,2.762188611273338e-07,6.686254513431244e-05,-3.281632815061935e-08,3
data/P/image_78.jpg,0.2723031464961193,0.04681008399308121,0.00025803324585157804,3.0742129229919956e-05,-1.2554965033937361e-09,-4.781080015610762e-06,-2.4332191988728384e-09,3
data/P/image_24.jpg,0.2245491492237252,0.021668966746173406,0.00096373863819481,9.396777937701994e-05,-4.713370071920283e-09,-4.12771895880268e-06,-2.7882381255139496e-08,3
data/P/image_5.jpg,0.23955589466958188,0.03105723273384567,0.0002589060542656026,7.33987658918215e-05,9.400934936397596e-09,9.874318248463807e-06,-3.741771736246178e-09,3
data/P/image_65.jpg,0.24244289564244845,0.031967298537677165,0.0001827673004987023,3.2995541828794e-05,2.4771513615170353e-09,4.553550646191065e-06,-6.551091453335004e-10,3
data/P/image_63.jpg,0.21619941575775592,0.017376108130784853,0.0010856586221878156,8.332212705236532e-05,-2.4391572262293093e-08,-1.0968655206897446e-05,5.75086427128991e-09,3
data/P/image_30.jpg,0.19960160113717265,0.012054545245345785,0.0007398741828754517,3.2060183178194016e-05,-9.802494539610578e-10,-1.6269086524533093e-06,4.839458194039699e-09,3
data/P/image_77.jpg,0.26947767384869364,0.04350454720930065,0.0009872747207077782,0.0005090593485364532,3.552226623847469e-07,9.076864078181575e-05,6.369085282415323e-08,3
data/P/image_70.jpg,0.2750948624349456,0.042405434682851816,0.0020138826429826587,0.0005188814993168016,3.7548588358367916e-07,5.873955048567605e-05,-3.7463987749640715e-07,3
data/P/image_39.jpg,0.2620117774226706,0.04112685558127074,0.0012605783724878256,0.00044055977017040237,3.2621635221059856e-07,8.270311590238556e-05,3.707227495553171e-08,3
data/P/image_19.jpg,0.27535211949381155,0.046446147989158394,0.0009786314265909288,0.00010059821821607245,-3.011219041124354e-08,-2.0434437642126617e-05,9.46338969458497e-09,3
data/P/image_56.jpg,0.24767957993073234,0.03501387728859451,6.148564645287323e-05,4.874556058869621e-06,-5.708522359547835e-11,-6.538743686130276e-07,6.215223072901607e-11,3
data/P/image_43.jpg,0.33477001680588203,0.08185721928352366,0.00013677317440353496,1.1807076253151153e-05,-1.0842917558132703e-10,-2.2390021557025706e-06,4.619202804135379e-10,3
data/P/image_12.jpg,0.25989719687479496,0.04011638924242781,0.0005670514984017,0.0001475616976333157,3.595722192041344e-08,1.634139627903321e-05,-2.300124912218194e-08,3
data/P/image_8.jpg,0.2182403549467052,0.019901098670485794,0.000438494364094057,3.856186206976751e-05,-5.0134777902917865e-09,-5.418933203990626e-06,9.618264153569405e-11,3
data/P/image_58.jpg,0.23669294113483486,0.02811550051310712,0.000585682581797887,6.641343135562211e-05,8.45067475343839e-09,9.201082515463456e-07,1.0007579032593485e-08,3
data/P/image_84.jpg,0.22390689121846513,0.024021406145472133,0.00024427884001008103,5.759145822479368e-05,6.59359320105829e-09,8.247257916802018e-06,-1.7849865024068513e-09,3
data/P/image_82.jpg,0.26968780340030946,0.0444134801076634,0.001332843929190948,0.00014649822411364564,-1.5234280200373627e-08,-1.669292664675868e-05,6.291675727293e-08,3
data/P/image_21.jpg,0.23050383554001208,0.026870277412410482,0.00034887079751768274,9.793901793980163e-05,1.80002074456185e-08,1.5888455694613897e-05,1.9324455123898496e-09,3
data/P/image_59.jpg,0.2616171004465431,0.04197380452807194,0.0001857909212650124,1.6091030217962602e-05,-1.1827958784712694e-10,-1.1320143386513032e-06,8.718213458563635e-10,3
data/P/image_60.jpg,0.2611490353259569,0.03901209734571516,0.002465890184884382,0.0011276829572730448,1.8804515525466908e-06,0.00022033168235256094,9.239751076524919e-09,3
data/P/image_27.jpg,0.23025502701373673,0.02076750674742501,0.0010227484464089508,0.0003808782704925729,1.9688461111921404e-07,3.968925207336619e-05,-1.3321683267251353e-07,3
data/P/image_73.jpg,0.259354251412035,0.039474803844653114,0.0006734288733738715,0.00014788838114285002,3.421195060030966e-08,1.1394831192496121e-05,3.174465462120709e-08,3
data/P/image_10.jpg,0.20832315560725911,0.016359924736070564,0.00021709083528751686,2.890710516467865e-05,1.922890507557008e-09,3.3622598570783996e-06,-1.2435444952446832e-09,3
data/P/image_57.jpg,0.2705426145934449,0.04296382372919376,0.003520002622919276,0.00160694720348823,3.816301476036391e-06,0.000333071939149685,2.0590893836330157e-07,3
data/P/image_31.jpg,0.2740354542969671,0.04831651804003946,0.0012365610902096624,0.0006223924832312849,5.459758608115411e-07,0.00013638592877222627,6.508416653923803e-09,3
data/P/image_37.jpg,0.23937979670145068,0.030189631322532103,0.0003877048234514388,5.5238266613629396e-05,6.123617608000497e-09,6.790626118768572e-06,-5.2770878969523405e-09,3
data/P/image_36.jpg,0.27398925668282964,0.044232457256844,0.0027435258014855243,0.0003596576833575374,7.698768360604253e-08,-2.1865277873739607e-05,-3.4886966073138183e-07,3
data/P/image_34.jpg,0.20664891973198518,0.0143693722579817,0.0011770093547187126,0.00014706814853077173,6.01620179389638e-08,1.6628575462472705e-05,1.1159353171276594e-08,3
data/P/image_20.jpg,0.26049335496033454,0.0423377622822323,3.30669478933303e-05,2.7137380433386256e-06,-2.0111549764198924e-11,-4.974515875531274e-07,1.6011493869212678e-11,3
data/P/image_48.jpg,0.3102374687587378,0.06290500645184711,0.004377780973723057,0.0004657902630794613,-3.185796513709165e-07,-8.22904833452734e-05,-5.838812578923808e-07,3
data/P/image_32.jpg,0.25610185587781326,0.03940498122768516,3.73283906971234e-05,1.1618503382462874e-05,2.387918753607183e-10,2.293966809351969e-06,-3.903131250788498e-11,3
data/P/image_25.jpg,0.2037314018552127,0.014995419049349938,0.00029875131168251637,1.6417017596988776e-05,-1.053888497131413e-09,-1.7710123619248195e-06,4.595658834035147e-10,3
data/P/image_55.jpg,0.227937642842913,0.0233684261849305,0.0007728407718997565,0.00012356325647710348,2.7865780870225737e-08,2.7846873723147796e-06,-2.6105556171506486e-08,3
data/P/image_3.jpg,0.23488363451475786,0.028193315331562892,0.00025761604977378645,8.822902865985972e-05,1.22321680782263e-08,1.0016179744972892e-05,-5.225560371674297e-09,3
data/P/image_50.jpg,0.288684199232485,0.057332600702143806,3.928713240945353e-05,6.616213299086248e-06,5.461001395830855e-11,3.49850064012218e-07,9.16301490318581e-11,3
data/P/image_53.jpg,0.20451848508118725,0.01492409368149239,0.0005852498942528437,5.750220356491914e-05,5.6820484971128714e-09,1.920461769265369e-06,8.887553575665286e-09,3
data/P/image_1.jpg,0.25731337522388475,0.036440015509813094,0.001853484472577097,0.000407928453452982,2.703068152641513e-07,3.432704604204428e-05,-2.296773734295242e-07,3
data/P/image_7.jpg,0.29905366510073134,0.05715442862450688,0.002165430906543357,0.0005694674842785978,4.616706215572847e-07,7.059056697029652e-05,4.3215735660127027e-07,3
data/P/image_28.jpg,0.23337646576463386,0.026513490080680234,0.0009979851839854324,7.610423490445785e-05,-2.0519046286705136e-08,-1.2362195678062596e-05,-4.343420339803757e-09,3
data/P/image_51.jpg,0.24113596210880867,0.0315047356217719,0.0007263248615133833,0.00021259937867599833,8.039146150208634e-08,3.172765399088169e-05,2.2728694022683135e-08,3
data/P/image_64.jpg,0.21028966256000148,0.01724044313267675,0.00023689100816354645,2.2630739994361535e-05,-6.488246106785993e-10,-1.500284471963011e-06,-1.5246883336471444e-09,3
data/P/image_80.jpg,0.2581841361530933,0.039873560901725016,0.0005469545671859624,5.500895956652584e-05,-3.6566589637549074e-09,-6.347563137247127e-06,8.813222475430362e-09,3
data/P/image_11.jpg,0.25948121085888065,0.03969139589746698,0.0006754456631287349,0.00022958242516423142,8.975577401009491e-08,4.5717667540480184e-05,1.0833671481389387e-08,3
data/S/image_6.jpg,0.303304330194529,0.05624515394498567,0.003578783273502047,0.0005091501672229213,-9.354575682463054e-08,-5.6483026693350676e-05,6.808884965917909e-07,4
data/S/image_17.jpg,0.32439042243113503,0.06256852690850366,0.006436930651316268,0.0011070886536540293,4.841572224149333e-07,-5.1307705122200566e-05,2.915450231269711e-06,4
data/S/image_9.jpg,0.2585058471338081,0.027567550213228997,0.0036817008106638863,0.000392728050745758,-4.700711864387896e-07,-6.489024901847392e-05,4.5199993073342726e-08,4
data/S/image_2.jpg,0.27544398714563006,0.0401658750458659,0.00421861117258386,0.0006703516595893935,2.674971904247311e-07,-2.1955779687633503e-05,1.0951010472774583e-06,4
data/S/image_14.jpg,0.2640493177009231,0.03571511037304893,0.0036621039840717953,0.0005637080525659917,2.4485768780012576e-07,-9.065203863023372e-06,-7.720290967472407e-07,4
data/S/image_13.jpg,0.2656335151929704,0.03993330042820926,0.0012487746383398318,0.00015072886807215985,-3.247966523891113e-08,-2.089425073983272e-05,5.6757578576413453e-08,4
data/S/image_22.jpg,0.3159198691209115,0.06009207187160006,0.004292938852494991,0.000562256970035867,-4.055284571341486e-07,-9.125274716790548e-05,-7.73697389718002e-07,4
data/S/image_4.jpg,0.2411487035032695,0.026625801019870606,0.0021205661769405364,0.00022449868039955428,-7.050914372604884e-08,-2.2519372371692528e-05,1.3792004475079095e-07,4
data/S/image_16.jpg,0.21815198876918374,0.013776329667988502,0.0023838407861216386,0.0002190124427315301,-1.411545728364009e-07,-2.4211153180005846e-05,-7.154179585186611e-08,4
data/S/image_26.jpg,0.25848969502793706,0.030257103494006902,0.003483944515200354,0.00038839855977604385,-3.2437228748348595e-07,-5.7162928862793186e-05,-3.1450169417064254e-07,4
data/S/image_29.jpg,0.2205769715230122,0.021228938573601426,0.0005021444860159048,8.490768150311474e-05,1.1194337740211084e-08,5.540278342426276e-06,-1.3493056848213768e-08,4
data/S/image_15.jpg,0.3280582872115385,0.07048211166615596,0.00510524541415921,0.000712971735294174,-2.6087966751627087e-07,-8.195645762222615e-05,-1.3349925925851576e-06,4
data/S/image_18.jpg,0.25176707124428477,0.024790549797863354,0.0037693499649879727,0.00040186020468448505,-4.944919829321283e-07,-6.290718929587741e-05,-9.869082849470735e-09,4
data/S/image_33.jpg,0.3123015071067005,0.05020310160387598,0.009487968266386317,0.0010338839796195263,-3.2045413895013254e-06,-0.0002316449108578847,-4.6519063230128625e-07,4
data/S/image_23.jpg,0.29847975488961775,0.057257666891823066,0.002572797528407422,0.0003459321915050264,-3.6936702367314097e-08,-3.3789909183189704e-05,3.2425726858073337e-07,4
data/S/image_24.jpg,0.28323821204381305,0.04762435909906305,0.0032809567780246835,0.0004769650921858972,7.648319664154452e-08,-2.6273342045620374e-05,-5.917421411351786e-07,4
data/S/image_5.jpg,0.29011777654085397,0.04794670127229604,0.0035419410871434143,0.0005565717449012005,1.4690599728401472e-07,-8.656294915728458e-06,-7.675194561060749e-07,4
data/S/image_30.jpg,0.28006160347452913,0.03676719551010268,0.004461396462046541,0.0006148689194616217,-3.538850783718101e-07,-6.0705721252953055e-05,-9.549136680876433e-07,4
data/S/image_19.jpg,0.267884163120296,0.0376136057115156,0.0026813282137743894,0.00040509044573441784,-1.0414229803687452e-08,-2.0048040275343155e-05,-4.220567192898617e-07,4
data/S/image_12.jpg,0.290211808188962,0.04755937517544374,0.0039546951308098025,0.0004461275947395428,-5.071904344686554e-07,-8.663141483518055e-05,-3.064407288572951e-07,4
data/S/image_8.jpg,0.3349863797325118,0.07188103231942089,0.005425091397234558,0.0006759047210197044,-7.809589881094182e-07,-0.00013705882889052852,1.0321292791117546e-06,4
data/S/image_21.jpg,0.3517287591902261,0.08075879614309807,0.004848705399374072,0.0006256597397067802,-6.937144576871754e-07,-0.00012432312069739503,-8.404039908672365e-07,4
data/S/image_27.jpg,0.2816682807965783,0.04173050537365254,0.003803962590393487,0.0004221659689027612,-4.580309480751726e-07,-7.841756660928849e-05,-2.764387354779995e-07,4
data/S/image_10.jpg,0.23126824514348793,0.02251865856172274,0.002189847237251943,0.00024828416127839183,-3.978545654900956e-10,-1.1714690757375305e-05,1.8307515384227335e-07,4
data/S/image_31.jpg,0.2558297152301297,0.03292606707734264,0.0021356547630573884,0.0002246822334099974,-1.3281496585159882e-07,-3.729798825604665e-05,-8.114002998916243e-08,4
data/S/image_34.jpg,0.286762520343652,0.04040953339813209,0.004448645520974715,0.0007241910810057804,-2.008879741144631e-07,-7.615228076757415e-05,1.2842341344521962e-06,4
data/S/image_20.jpg,0.2896375927853389,0.04143683173441126,0.005232852462388333,0.0012737408715868665,1.9667795830373682e-06,7.156935681517278e-05,-2.6354625785691032e-06,4
data/S/image_32.jpg,0.3018575261649393,0.052600208391221294,0.003928136419433181,0.0005160230009946148,-3.0919608844985124e-07,-6.856471423204737e-05,-6.664451478717178e-07,4
data/S/image_25.jpg,0.328900889367802,0.07362554821624304,0.005196950800120578,0.0011341635633091284,1.705432191704937e-06,7.987617652220379e-05,-2.1617954550420144e-06,4
data/S/image_3.jpg,0.2583323330770683,0.03338290175733934,0.003044350748204457,0.0005117460690719064,2.7120518021620187e-07,8.933246228112537e-06,5.783130098076296e-07,4
data/S/image_1.jpg,0.30223998608582886,0.05894165498227938,0.00361914233425971,0.0008770518929340342,1.1413970176317895e-06,7.011238727353087e-05,-1.067170231419637e-06,4
data/S/image_7.jpg,0.2946141659219194,0.04749284489689359,0.0039375208238356715,0.0005206067123418752,-3.0235828069247233e-07,-6.133175633508426e-05,-6.812977103875213e-07,4
data/S/image_28.jpg,0.32126771859871656,0.06672243601303249,0.005214373113899402,0.0005375872113602592,-8.902702035573893e-07,-0.00013783430461612446,1.3243148890461205e-07,4
data/S/image_11.jpg,0.31193889059958274,0.06492054497121687,0.0029295542173778566,0.0004695198341927942,9.607433312699854e-08,-2.420915675303104e-05,-5.422117489376204e-07,4
data/BG/image_76.jpg,0.27665729684461077,0.0448044796002817,0.0015064085622529572,0.00022005046304114436,-4.221315794721939e-09,-1.5966734785486467e-05,1.2662329644754264e-07,0
data/BG/image_44.jpg,0.2115811748958978,0.017176743102360194,0.00033296488691432,3.2150438065431385e-05,3.2158354313809942e-09,3.5904852198026146e-06,8.506460723728112e-10,0
data/BG/image_86.jpg,0.22497933062114994,0.023233555091032507,0.0005477172572918505,6.0504175094922836e-05,-9.522556631090984e-10,-3.3846183826877795e-06,-1.0973041413264842e-08,0
data/BG/image_6.jpg,0.23214062979966663,0.026237895793221132,0.0011575774846058664,0.0002337579947096633,1.0427500597639791e-07,2.5066305309115514e-05,-6.25514337991328e-08,0
data/BG/image_90.jpg,0.21832821004162822,0.021747549001103317,0.00018560246419229811,4.275512948458527e-05,3.795078317917379e-09,6.1144774609463895e-06,-3.215670621517401e-10,0
data/BG/image_38.jpg,0.20103438570295995,0.013945584432049407,0.00029204365278090607,3.8375005582517105e-05,4.050569244039568e-09,4.518154624666961e-06,-3.115083575689836e-10,0
data/BG/image_45.jpg,0.24429156361975068,0.027173950606166414,0.0019748696272918033,0.00018743011862777979,7.156432230361555e-09,-4.491655425923458e-06,1.1380762257437576e-07,0
data/BG/image_42.jpg,0.23657410872342013,0.029046444485275533,0.00043987118114370463,8.472103097355535e-05,1.4747919844677018e-08,1.0727832964599787e-05,-7.069916577131106e-09,0
data/BG/image_46.jpg,0.2724179742667102,0.04791960148827865,8.976500299877608e-05,8.440037726099517e-06,-5.378209007107968e-12,-3.19924739476172e-07,2.3224891432682553e-10,0
data/BG/image_66.jpg,0.21347289878939563,0.01945699417022309,0.00020852337426455946,1.4171942316686207e-05,-5.811599721029315e-10,-1.510269875402007e-06,-5.057502896722e-10,0
data/BG/image_91.jpg,0.3549202912869218,0.09763795147145929,0.0012117191096080585,0.0002251735229367189,5.180271491399784e-08,-2.862934929230057e-07,-1.055967553594521e-07,0
data/BG/image_17.jpg,0.25678246288413126,0.035533386238193965,0.0010837598790415864,0.00015160120443224887,1.937169995704755e-08,-6.664380181274591e-06,-5.8316514205815225e-08,0
data/BG/image_79.jpg,0.19007979010276133,0.008260015367717186,0.0005617342966096071,6.895409668930613e-05,1.1431969552808115e-08,3.772754476627983e-06,-7.312783010991003e-09,0
data/BG/image_9.jpg,0.2770175608072272,0.04460908802969738,0.0017200392406141044,0.0003474492755242721,1.4007204864290867e-07,1.1792326864160438e-05,2.2918524345458583e-07,0
data/BG/image_2.jpg,0.224199329950843,0.021620412077109505,0.0013137039165347453,0.0002488695626890112,1.2515958986946072e-07,2.2938078016491226e-05,-6.770900384475525e-08,0
data/BG/image_100.jpg,0.25350035849214925,0.03819769931411409,5.937237712871651e-05,9.583222980140374e-06,1.838618534885484e-10,6.126287995603358e-07,-1.3582628574997528e-10,0
data/BG/image_62.jpg,0.19462041895196242,0.010308314457555156,0.0005262046823195639,4.3985760887381144e-05,6.1720186620018314e-09,3.872592479433025e-06,-2.585904454097474e-09,0
data/BG/image_61.jpg,0.21242246325026884,0.01571494726335849,0.0009903509250930027,0.0003961649542877325,2.4812715578868624e-07,4.909898677488516e-05,-3.120414467980658e-09,0
data/BG/image_97.jpg,0.20648422852101742,0.016268121837707115,6.183400306011667e-05,1.2923390928074371e-05,3.5388119185676844e-10,1.6229827054153805e-06,9.071852062589029e-11,0
data/BG/image_96.jpg,0.21286590540733824,0.016224980036163503,0.0016238440447297812,0.0005340987111451132,4.966446636655368e-07,6.802388213746309e-05,2.737381096765483e-08,0
data/BG/image_14.jpg,0.2120754692736232,0.019335830436178883,1.1534354820829702e-05,3.421924559035239e-06,2.017670008061828e-11,3.420354481711386e-07,7.421172706720768e-12,0
data/BG/image_95.jpg,0.23915312128927105,0.02990460266848788,0.0005422912926669578,6.784606790761988e-05,1.158518723551547e-09,-2.8719690297418797e-06,-1.2962106692855009e-08,0
data/BG/image_81.jpg,0.2555545862353505,0.038702770705146654,0.00031511408275379873,9.056881476912179e-05,1.4787821453938607e-08,1.5514867772100505e-05,-3.92704194101671e-09,0
data/BG/image_67.jpg,0.25168978109301804,0.03628352303811894,0.0004923537093853062,0.0001316858651942163,3.248539762861343e-08,2.2095187326854662e-05,-8.30850589307017e-09,0
data/BG/image_68.jpg,0.2357846551285307,0.028662323386384334,0.00042178967438639796,0.00010179256766104376,1.9567275233682034e-08,1.4676837988757854e-05,-7.874200951749191e-09,0
data/BG/image_71.jpg,0.4429606950833363,0.15802701830260055,0.0040637566933534024,0.001352461995475634,2.6455994101540887e-06,0.0002348462370187535,1.747561450591456e-06,0
data/BG/image_13.jpg,0.19792659651867234,0.011552221052376545,8.685510599820523e-05,1.6623003953686797e-05,6.292174887682647e-10,1.1199143735916616e-06,-5.513910903722452e-11,0
data/BG/image_22.jpg,0.22260449705332977,0.021157265265308353,5.352946885911896e-05,3.950125930033976e-05,1.3389693298680307e-09,5.658443151314463e-06,1.2273920099902516e-09,0
data/BG/image_54.jpg,0.26370122197717505,0.042220456017790224,0.00029309766415120314,4.595512547600115e-05,3.740799052584171e-09,3.993560297663679e-06,3.801574054181831e-09,0
data/BG/image_104.jpg,0.19283203042784786,0.010849796724944735,9.81083547112292e-05,7.4152948081398856e-06,1.3765684134008512e-10,5.235951985313441e-07,-1.4509815270192855e-10,0
data/BG/image_47.jpg,0.20823250608330257,0.013342474534460337,0.001074012693787753,0.00010472638796381762,4.89912724629413e-09,-4.0777126392947875e-06,-3.4779423372817326e-08,0
data/BG/image_4.jpg,0.20325706403206759,0.015095708864968492,0.00012180989669514358,1.6783565588711795e-05,6.795977588733163e-10,1.1880403680902226e-06,3.376850916421311e-10,0
data/BG/image_110.jpg,0.2465663388480126,0.03485419206889224,0.0002580396540977088,8.410156613132673e-05,1.2088873880729052e-08,1.4221192755931355e-05,2.7121407286692007e-09,0
data/BG/image_35.jpg,0.2564961375016709,0.03925685388422532,5.50282144849483e-05,6.138399229788269e-06,-1.1173071377018211e-10,-1.2046054510485657e-06,1.561965067628865e-11,0
data/BG/image_105.jpg,0.21879534592732622,0.019450948994582076,0.0004003255888657365,0.00015546034701258336,3.775105798574508e-08,1.56861318697524e-05,8.884940550633564e-09,0
data/BG/image_75.jpg,0.27187098085291134,0.047857218537192214,0.00014939901682772328,2.83485638120264e-05,1.1278596526417247e-09,1.5936848294952735e-06,1.4599833859484377e-09,0
data/BG/image_102.jpg,0.2820919123700609,0.05250273316629268,0.0006142209486795498,6.543365508118927e-05,-3.3466554568724526e-09,-9.47776802241493e-06,1.2683809087093264e-08,0
data/BG/image_89.jpg,0.20781243775838215,0.01490588575996217,0.0010405095748211213,0.0001672178243699498,6.972211370753307e-08,1.9883616098983956e-05,-1.9873192485626975e-09,0
data/BG/image_41.jpg,0.21776900746602382,0.020637967388670738,6.64384814348947e-05,4.671015676427568e-06,4.3970575669669275e-11,1.0791521072263858e-07,6.955287091708899e-11,0
data/BG/image_40.jpg,0.22530933191048885,0.024904174896496885,7.901058465852113e-05,2.162203600900931e-05,8.931213395216322e-10,3.39471939700444e-06,-3.1911829205965115e-11,0
data/BG/image_16.jpg,0.2670180963677223,0.04123851899561936,0.000840884816278339,0.0002935411036872079,1.4582990254577196e-07,5.8464885543992635e-05,1.5664618934273972e-09,0
data/BG/image_93.jpg,0.24498616871531312,0.03337703937308926,0.000275233816986638,6.245696553994326e-05,7.395460690192884e-09,9.64747382173535e-06,-3.516277810885156e-09,0
data/BG/image_108.jpg,0.21412397751352685,0.019849351083735235,0.00016805830446230363,2.5504151520657585e-05,1.1949355596907621e-09,1.777288998002924e-06,1.1662452706773048e-09,0
data/BG/image_74.jpg,0.2613609986871895,0.04129888615734488,0.0005211461740452077,9.85516161795927e-05,1.5639956318141154e-08,9.365848560346016e-06,1.5944270034373898e-08,0
data/BG/image_87.jpg,0.22017311545214602,0.021108594894664594,0.0008684602898307261,0.00020595467653504814,8.159845330371366e-08,2.3585543088889763e-05,-3.047298028669999e-08,0
data/BG/image_112.jpg,0.22563906023074395,0.024312890632238907,0.0003247235017532141,3.277908542564479e-05,-1.971463432257483e-10,-1.6663002961485508e-06,-3.376081336972214e-09,0
data/BG/image_26.jpg,0.30322956863103373,0.05818467205248837,0.003976228569349854,0.0004801472003778868,-1.4152935510529283e-07,-5.7552069755157014e-05,6.481613970658131e-07,0
data/BG/image_29.jpg,0.21337512621537913,0.016449215229022415,0.0005087218221766452,6.552994327031254e-05,2.3040892768303996e-09,9.016662137172501e-07,1.1740695826254903e-08,0
data/BG/image_106.jpg,0.275722522247958,0.045084495078597506,0.00238317411815317,0.0002287660484493721,-1.3203876304167508e-07,-4.1237566086289184e-05,-1.0534539095154651e-07,0
data/BG/image_15.jpg,0.26045746617966525,0.038180123832878644,0.003070743798649161,0.0012642150995749973,2.490288141074205e-06,0.00024597643029058736,5.441405475432213e-08,0
data/BG/image_109.jpg,0.22893439283738895,0.026318189768208156,2.6415349800392703e-05,2.299732672616102e-06,8.078421333688235e-12,1.011663495716866e-07,-1.600070673629883e-11,0
data/BG/image_18.jpg,0.2543032700072432,0.03876858993212024,4.051201554869846e-05,4.853543999327985e-06,1.5539241203294825e-11,-1.1993121425808845e-08,-6.626046280709267e-11,0
data/BG/image_83.jpg,0.20451251666292786,0.004723990380033289,0.0009082999707529653,4.146928617167926e-05,5.480695989950399e-09,-1.4924446004976872e-06,-5.893827602189508e-09,0
data/BG/image_33.jpg,0.24801632840095464,0.03500456375508892,0.00027560759486138154,0.00011034571311724661,1.8900159126255613e-08,1.8603292313840974e-05,3.6176347892630657e-09,0
data/BG/image_85.jpg,0.2722447554756011,0.04590501188476076,3.585752262542351e-05,3.142517086153037e-06,2.782699308343651e-11,6.460291239060952e-07,-1.8396969348254115e-11,0
data/BG/image_72.jpg,0.23091446198652552,0.0247610327715159,0.0004124081264214299,2.7685857390874508e-05,7.16188721869328e-10,-2.7205516011878087e-06,-2.8703570399917026e-09,0
data/BG/image_69.jpg,0.23870848459644617,0.031015018827188212,0.00016627891924324753,4.1860420503996785e-05,3.3675509498773373e-09,6.581081116256939e-06,9.254502644633287e-10,0
data/BG/image_52.jpg,0.31958355723428067,0.06571963829836487,0.00037044471379245883,0.00010072708147943526,-4.4309913319990575e-09,-7.404653231852501e-06,-1.8945981819679785e-08,0
data/BG/image_103.jpg,0.25844699566077034,0.03306827375395141,0.0036958963982772776,0.000812375687868142,1.0811455670451457e-06,6.447535580685006e-05,-9.014477995156324e-07,0
data/BG/image_23.jpg,0.1799867464144804,0.006001401516449005,0.000238664782214588,8.17263054585913e-06,-2.7946252924525315e-10,-4.186789931975254e-07,-2.2842843799042595e-10,0
data/BG/image_49.jpg,0.2325026786404208,0.026305002419905316,0.00010039071769124161,1.7628772705502883e-05,7.117654906294858e-10,8.640346605334348e-07,2.0829358906254202e-10,0
data/BG/image_78.jpg,0.21317139593534332,0.015974497118920336,0.0010099309387683218,0.00041937224027935804,2.729055482705822e-07,5.247235091559784e-05,-3.3640353465039973e-09,0
data/BG/image_24.jpg,0.23575040822463525,0.0291992002384994,0.0004285405682168564,0.00012007282539577832,2.684543762758876e-08,1.9973303551968026e-05,4.603217562207271e-09,0
data/BG/image_5.jpg,0.1788531605840259,0.005573153379686889,0.00022120872239569578,9.442628381312225e-06,4.0190880714534303e-10,6.511351735771954e-07,-1.5720283854028435e-10,0
data/BG/image_65.jpg,0.21672110608441514,0.018091352433988434,0.0007119006750471077,0.0001018083709698693,2.5285267423011377e-08,1.3511514858011283e-05,1.0577332852997647e-08,0
data/BG/image_63.jpg,0.2548524260801266,0.03818702149279839,1.685365024766314e-05,6.688343207429208e-07,1.5678874166669644e-12,-3.885232895173951e-08,1.6075671869707098e-12,0
data/BG/image_30.jpg,0.1928686839863563,0.00968309334470615,0.00015630121056000288,2.1408124928087215e-05,1.039010608944091e-09,1.4168486121813469e-06,-6.738011486467642e-10,0
data/BG/image_77.jpg,0.26191065387818774,0.040689564085736346,0.0013369898781667331,0.00047480437746757375,3.768768031281818e-07,9.352986850658178e-05,-3.278150021002925e-08,0
data/BG/image_70.jpg,0.19909149197182976,0.011303637852026491,0.0008207772824704721,9.802984026281705e-05,2.6293754954847898e-08,9.104516984586623e-06,9.04728394932228e-09,0
data/BG/image_39.jpg,0.2023759349035304,0.012816773647324033,0.0007641804066597955,7.984410014745797e-05,1.6028898648473927e-08,5.600784726656437e-06,1.1491380562881368e-08,0
data/BG/image_19.jpg,0.22022362645557608,0.022176276144469764,0.0003132908430620851,4.573134299159996e-05,3.636963910463106e-09,2.283455214877214e-06,4.090939789361935e-09,0
data/BG/image_56.jpg,0.19449802211495437,0.010677019640381695,0.0006432159899614925,8.219182274001976e-05,1.7621319386726162e-08,7.484627289918712e-06,6.828801861052862e-09,0
data/BG/image_43.jpg,0.1991706051383494,0.013465030068462284,0.00010261621733737205,6.9471592932969805e-06,-1.2514554579422727e-10,-7.065653183919014e-07,1.3691193006790735e-10,0
data/BG/image_12.jpg,0.19441512190537552,0.008150480226263137,0.0008391299440915266,7.103551350469673e-05,1.7848771910083088e-09,-2.3037284430121185e-06,-1.7251056443738556e-08,0
data/BG/image_8.jpg,0.21258961495273404,0.0163575220342388,0.0009455725832384846,0.0003228743349886674,1.7644743541144507e-07,3.966451775891785e-05,2.633027876504592e-08,0
data/BG/image_58.jpg,0.19771141527703326,0.013311013226930447,6.59841743466753e-05,4.800154959242281e-06,2.5882338119935093e-11,3.185953361367158e-08,8.141334747920887e-11,0
data/BG/image_84.jpg,0.2067275964704317,0.015068448537179875,0.0007682632891427181,0.00019228288835481687,7.376468476796191e-08,2.3576454356964754e-05,4.530285718512542e-09,0
data/BG/image_82.jpg,0.28642127051515537,0.0484969309640024,0.00839159769966496,0.004107845112305866,2.41115432718822e-05,0.0009007626930028767,5.631183080805084e-07,0
data/BG/image_21.jpg,0.18429351097597166,0.0055616672760903825,0.0008736901044380858,3.3021410156312364e-05,1.6978853805462323e-09,-5.252534013383768e-07,5.34566536178116e-09,0
data/BG/image_59.jpg,0.2758980857226106,0.044078167190310984,0.0015847386192601948,0.0002256475015431142,-1.36060697579165e-08,-1.883822876574617e-05,1.3424726884535298e-07,0
data/BG/image_60.jpg,0.18490945831847863,0.00812538778738672,5.704499036148557e-06,1.563084671773303e-08,-4.56986354305864e-15,-5.899072220682726e-10,9.495901143937441e-16,0
data/BG/image_88.jpg,0.2195885810913609,0.020865976567333997,0.00029521398084250434,8.96316711162958e-05,1.4110725871189511e-08,1.2588303423093827e-05,3.6697309851791446e-09,0
data/BG/image_27.jpg,0.22355016626923496,0.02090879539355804,0.0007090680242737931,5.759579468877791e-05,3.789512868442557e-09,-1.1746131820129684e-06,1.1005222615048655e-08,0
data/BG/image_73.jpg,0.22522558856040145,0.02488365356502545,8.332021278859368e-05,2.3550017981087037e-05,1.0428061092793717e-09,3.6996763832280872e-06,-2.817714359416188e-11,0
data/BG/image_10.jpg,0.23930141693600274,0.029724089215676673,0.0003309755606033531,4.3263801499968746e-05,4.425349068935836e-09,4.207075857454719e-06,2.686718384196305e-09,0
data/BG/image_57.jpg,0.2583458467612172,0.03993478366995559,0.0006165330981060323,0.00021402213686204757,7.687782943575038e-08,3.825763906075765e-05,1.1571995088380918e-08,0
data/BG/image_31.jpg,0.20891553940108482,0.017067664353548923,0.000288672957077478,5.34222074156e-05,5.296118377934512e-09,4.049214275186837e-06,-3.99539474962454e-09,0
data/BG/image_37.jpg,0.2994022003810086,0.0558363100379606,0.0015891187269341607,0.0009495161616695334,1.1509764243210612e-06,0.00022123689975184918,-1.88794242371067e-07,0
data/BG/image_94.jpg,0.25732609092164205,0.03733070185429698,0.0013688986362231546,0.0007401871760025084,7.419048179630909e-07,0.00014289933280886986,6.86210967166094e-08,0
data/BG/image_36.jpg,0.26768338172687633,0.04286649301456618,0.0023329615683597396,0.00104030038493857,1.6139584484839808e-06,0.00021377075544326972,1.4723171238326488e-07,0
data/BG/image_101.jpg,0.20448404914673646,0.01498896614067949,0.00036823224883724147,2.543398606911315e-05,-2.163835924988188e-09,-2.834920778849393e-06,1.173164107570068e-09,0
data/BG/image_34.jpg,0.19242366843611564,0.010936959309643054,1.33079941746053e-05,1.2394138949300883e-06,3.905007958686272e-12,4.985748035090914e-08,-3.176207114092348e-12,0
data/BG/image_20.jpg,0.22580553478634255,0.022517630642740868,2.0992880745371916e-05,1.9305410709536248e-05,2.0399386420287183e-10,2.6475496622363137e-06,3.3080581101311253e-10,0
data/BG/image_48.jpg,0.2307346297763787,0.024566255742854516,0.0012686724989075526,7.259805078072546e-05,-2.184893230424694e-08,-1.137822371374317e-05,-2.837550245829678e-09,0
data/BG/image_32.jpg,0.32505328104896786,0.07815230628261793,0.00022901010040877158,0.00012010640783309594,1.968518132605881e-08,2.7465639505724318e-05,3.045774328802152e-09,0
data/BG/image_25.jpg,0.3157839366801485,0.0713717421313691,0.0015217952904945117,0.0007234905440627941,7.409295172952293e-07,0.00016128869576105144,-1.653229261879032e-07,0
data/BG/image_55.jpg,0.22530540827756673,0.02394676435866219,0.0003752129283686029,3.113150231139323e-05,-1.6731933957693016e-10,-1.2163956414685372e-06,3.360480327840068e-09,0
data/BG/image_3.jpg,0.19401192417227558,0.011350490975435246,0.00010212510719051764,4.0329983432174475e-06,-2.4619694025694882e-11,-8.667173016432733e-08,-7.805750239998174e-11,0
data/BG/image_50.jpg,0.19061569979176662,0.010080260520833825,7.136583437385578e-05,1.0869143376634713e-05,3.026059447467324e-10,1.0191892452954027e-06,8.233443364054405e-12,0
data/BG/image_53.jpg,0.22926894126453717,0.025070929492921862,7.359426427833324e-05,2.5982190555198983e-05,9.166439453402781e-10,2.0409603978622895e-06,-6.712677870245991e-10,0
data/BG/image_92.jpg,0.17069895975602734,0.002768513886729938,0.00016790464414954566,3.4588550282722745e-06,-7.520857395142323e-11,-1.5807972691642658e-07,-3.5939811528611006e-11,0
data/BG/image_99.jpg,0.19572325708520022,0.012028068108266489,0.00019249310870610365,8.936915906032682e-06,-2.2708910615520483e-10,-7.768236108903014e-07,2.929638859429718e-10,0
data/BG/image_1.jpg,0.31393410202201255,0.052539645516328316,0.0044363956380852046,0.001380219122829536,2.87561376089462e-06,0.0002965378355253255,-1.8427065496420013e-06,0
data/BG/image_7.jpg,0.2193213649295905,0.022256628310310677,2.726899836812858e-05,1.8992413775500317e-06,-1.3663584699259028e-11,-2.80949441034457e-07,-3.4722264493521686e-13,0
data/BG/image_28.jpg,0.2574004693880304,0.04039678394458189,1.3208412355364599e-05,1.0692892282330916e-06,-3.988615989144902e-12,-2.0493538912471576e-07,-4.894808142274252e-13,0
data/BG/image_51.jpg,0.2677452806830374,0.042929545885074236,0.00019084902250341551,2.316689092341755e-05,1.4413990920884169e-09,1.5347313577327799e-06,-5.434554894507711e-10,0
data/BG/image_111.jpg,0.1958166173676717,0.010604307319851972,0.0002898768917961118,4.225947891762765e-05,3.6256972317858088e-09,1.667240223177778e-06,2.9548656540377585e-09,0
data/BG/image_64.jpg,0.2847535460177096,0.05369149824754169,0.0007150090463636971,0.00024509306964408953,9.637747236550895e-08,4.427519852504587e-05,-3.519066624500569e-08,0
data/BG/image_80.jpg,0.22064805153465983,0.022088747998289075,0.0003082678873883503,7.262906137601629e-05,9.886398664123663e-09,8.864966669493553e-06,4.512400104650499e-09,0
data/BG/image_98.jpg,0.22615493247645588,0.02229372997095302,0.0016188193236639614,0.0004089906942742994,3.215449402586398e-07,5.7044016525283256e-05,8.577620420935557e-08,0
data/BG/image_107.jpg,0.2578793614861466,0.038651432559076285,0.000734472664116747,6.207429892383526e-05,-1.1658737983010545e-08,-1.0672399815557869e-05,-6.3047039197926585e-09,0
data/BG/image_11.jpg,0.2260061451480006,0.024839604540748912,2.9774497728378613e-05,2.0893189510005958e-06,-9.517820432642323e-12,-2.890852706358861e-07,1.3452384130192185e-11,0
data/FB/image_44.jpg,0.31824622528719854,0.06519833845910757,0.0022318182393198903,0.000967154264308985,1.3562218601536286e-06,0.00014042914129197022,-4.239193604686187e-07,1
data/FB/image_6.jpg,0.30149342145886393,0.05343100528956854,0.0023431265548511243,0.0004947146950498663,2.045829165580941e-07,-8.243701821867657e-06,-4.917787925504303e-07,1
data/FB/image_38.jpg,0.41005526062483544,0.08128593709600071,0.010788752708895611,0.00044609955467848287,-5.679395156803512e-07,-6.13987042946944e-05,-7.970110208209057e-07,1
data/FB/image_45.jpg,0.32726473550705376,0.05612281235635995,0.013440654259788801,0.004148707911621529,2.895067975265281e-05,0.0008361672452872674,-1.1027695091581184e-05,1
data/FB/image_42.jpg,0.36584842338019996,0.088554009212586,0.009212948031951709,0.0012474132688242694,-1.059432415473916e-06,-0.0001665328034705121,4.093917843859401e-06,1
data/FB/image_46.jpg,0.3042334848503072,0.05888621743065924,0.003053028169312613,0.0003512824138668283,-2.587266924722751e-07,-7.020074084162162e-05,-2.557405180926293e-07,1
data/FB/image_17.jpg,0.36320229197358295,0.0921267934426498,0.009711078164202944,0.002991817180910282,1.322415303359804e-05,0.0004988485079057889,9.229366496462242e-06,1
data/FB/image_9.jpg,0.2928222266666377,0.019062549771013806,0.0037833686206839574,0.0022083672770584883,6.332219399587263e-06,0.00011739664427560811,8.060454385695575e-07,1
data/FB/image_2.jpg,0.25107000924811707,0.027299276888561586,0.002606318749156503,0.0003084657629908191,-1.7924731007569034e-07,-3.8979344648361615e-05,-2.1063739341926162e-07,1
data/FB/image_14.jpg,0.5520406834982833,0.1580541325836922,0.03788819633205495,0.020268764034675497,0.000560974922506007,0.0074307814514566264,2.8235317425227043e-05,1
data/FB/image_13.jpg,0.3646267654793697,0.08444363416908929,0.003953670313879003,0.0018767265492160344,4.797323770454914e-06,0.00041021098898656624,-1.7662213117352947e-06,1
data/FB/image_22.jpg,0.4493835264533909,0.0919711628278457,0.0201738750244337,0.00600965172768293,4.5529258255317865e-05,6.402359354848908e-05,4.801777244505768e-05,1
data/FB/image_54.jpg,0.27739425037277804,0.04274549849936784,0.0035665545479250877,0.0005219440588831464,3.2274971771011625e-08,-2.6367858006556944e-05,7.114000364589364e-07,1
data/FB/image_47.jpg,0.2753574913816768,0.03293015368230225,0.003983089724703607,0.0009547316375711182,8.189323892361951e-07,3.571453194444535e-05,1.67201461241324e-06,1
data/FB/image_4.jpg,0.28929253127748916,0.04731834043186189,0.002422268338071247,0.0005006087758621419,2.0398790860438384e-07,-3.2603870680744553e-06,5.121325867280137e-07,1
data/FB/image_35.jpg,0.21450509945420793,0.015150070272760092,0.0008446768308627836,0.00011476267293379947,-8.137809713207319e-09,-7.565553905154351e-06,3.479205217554721e-08,1
data/FB/image_41.jpg,0.486492240051335,0.13583584588047,0.03913207446343644,0.005179307649717652,-6.573339265713046e-05,-0.0018448101146413879,3.340627459006765e-05,1
data/FB/image_40.jpg,0.2648631662989904,0.0370518227196836,0.003680077096871146,0.001868492247814316,4.836203127074114e-06,0.0003365047528955345,7.859696328055518e-07,1
data/FB/image_16.jpg,0.25955435168170854,0.02286144872888825,0.006042275614496787,0.0006845022456564468,-1.3083535150418825e-06,-9.917121714275021e-05,4.754822990964318e-07,1
data/FB/image_26.jpg,0.42486239160804695,0.13292195688200056,0.0013451038498651403,0.00017729187424506127,-1.814402338463517e-08,-3.5491140951222e-05,8.465618086811356e-08,1
data/FB/image_29.jpg,0.35479677166259993,0.07032711262610755,0.0022018997965468695,0.00046551972839987195,4.146430629384368e-07,3.6327447897572634e-05,-2.2406134605380824e-07,1
data/FB/image_15.jpg,0.32644804157378815,0.06521291958746132,0.0024170828603658156,0.00032519616133322053,-1.072723355930159e-07,-4.400840308525332e-05,-2.6761334388261103e-07,1
data/FB/image_18.jpg,0.22101171921549126,0.01505392815386724,0.00019283983274746982,0.00011248450206306685,9.862190896318787e-09,-2.9917376814920633e-06,1.3311442810340907e-08,1
data/FB/image_33.jpg,0.3602829531994453,0.06884170045732824,0.010065285593928566,0.005340222345457651,3.671137760021323e-05,0.0009797027855504125,-1.36066346675017e-05,1
data/FB/image_52.jpg,0.21612068655474737,0.01697713588688139,0.0007518673382458307,7.736201335422363e-05,-1.4039850581482236e-08,-8.354801715815302e-06,-1.2288165734398182e-08,1
data/FB/image_23.jpg,0.3643866501908426,0.0872500328170511,0.005816532013764299,0.0007103394132153889,-1.1946541673539957e-06,-0.00018722187827939607,-8.109187579465392e-07,1
data/FB/image_49.jpg,0.27809051980611266,0.039989280757693035,0.004396161434555527,0.0004966457848514368,-5.085799359092377e-07,-7.93203116358553e-05,-5.290381829145072e-07,1
data/FB/image_24.jpg,0.2554959979243687,0.029536917791988852,0.002506938215229392,0.0003219163575180163,-1.2414847645342093e-07,-3.257158306176611e-05,-2.6118807456239226e-07,1
data/FB/image_5.jpg,0.19559432784942843,0.010406255396375443,0.0007506217239613761,4.024250859174126e-05,-6.5885547477775806e-09,-4.0312996465356785e-06,-2.347296176934963e-09,1
data/FB/image_30.jpg,0.3623583468652771,0.08158441518254948,0.006026283571209965,0.0013906497264689725,2.7302586663929523e-06,0.00015236229215618213,-2.9584953818053913e-06,1
data/FB/image_39.jpg,0.24357943949438982,0.025385883429561232,0.00238456339722462,0.00030577333552445264,-9.015988483026815e-08,-3.1780170142817e-05,2.450376651776722e-07,1
data/FB/image_19.jpg,0.1922703644962513,0.008252490535698478,0.00017868323443213143,2.212626280803507e-05,6.419740255721205e-10,1.6852964288263293e-06,-1.234275268946827e-09,1
data/FB/image_56.jpg,0.26606624869229156,0.03612859395100464,0.0022788662778693517,0.00027352331006574897,-9.297232979652207e-08,-3.5439274967530947e-05,1.949103907153706e-07,1
data/FB/image_43.jpg,0.19308126154006844,0.010156612787235064,0.00020088703960495385,9.717820140335136e-06,3.361812674711739e-10,8.395274260454252e-07,2.6709299898951687e-10,1
data/FB/image_12.jpg,0.27452771643653306,0.03920194279308009,0.00636467467238278,0.0028301113908192543,1.1553385562973263e-05,0.0005000094934955681,3.2852486159665838e-06,1
data/FB/image_8.jpg,0.1996574483885018,0.014053932783527904,3.779614555085369e-05,2.951447717849406e-06,1.0168562665606248e-11,-8.909403019220765e-08,2.946771811409866e-11,1
data/FB/image_58.jpg,0.2164641552812811,0.02106346180930922,0.00012634729799923235,3.11438623923953e-05,1.935418024137189e-09,4.443415181632304e-06,2.6611313399729655e-10,1
data/FB/image_21.jpg,0.3059127310818728,0.057055094140298156,0.005776717261716286,0.0014225784400035192,2.8533987585758223e-06,0.00013829877553036586,2.9135522630986354e-06,1
data/FB/image_27.jpg,0.24451764645298163,0.023219469160814504,0.0033669719618583285,0.0006285549210093089,4.6454987826545943e-07,8.376895876756378e-06,-7.876004877749974e-07,1
data/FB/image_10.jpg,0.3388461083954916,0.040676233096748685,0.007381337561440567,0.008076957612367295,6.184990779656878e-05,0.0013479405751553235,-7.996993313191417e-06,1
data/FB/image_57.jpg,0.3808526989527745,0.09215762378175271,0.012595523978850592,0.0019678563783477277,-4.615632578398641e-06,-0.0004041027809549183,-8.641724564146772e-06,1
data/FB/image_31.jpg,0.2618616473470987,0.03988049332184765,0.0010309049527495364,0.000156905622654868,1.6904157114657262e-08,-2.6816414483572652e-06,-6.079926851365902e-08,1
data/FB/image_37.jpg,0.5244541176097713,0.2186967109780048,0.004938490812190197,0.0023750770429199594,8.117208179677399e-06,0.0011092149668527618,5.251523029983991e-07,1
data/FB/image_36.jpg,0.3631353903731612,0.09424647149023078,0.007437291303012947,0.005031686927065505,3.066842352457173e-05,0.0014466197857264153,-2.6260861559055706e-06,1
data/FB/image_34.jpg,0.37626351564978494,0.08481988610407515,0.009599978922145924,0.0009089166280471965,-2.634550682193214e-06,-0.00025748877889385555,5.173022162113285e-07,1
data/FB/image_20.jpg,0.3441810419494361,0.06109014549199992,0.014249570203646218,0.010861966596004547,0.0001288871453412087,0.0022806692850451194,-4.061050335099472e-05,1
data/FB/image_48.jpg,0.33408466378662655,0.06621624611026278,0.007113350292980715,0.0032154527367748544,1.5095634021109672e-05,0.0007130313130850165,-2.933460975474985e-06,1
data/FB/image_32.jpg,0.2895361915207649,0.052421701790970526,0.0011714328455511794,0.00038620468333902275,2.5816332642571915e-07,8.696458008327432e-05,2.8825496968778496e-08,1
data/FB/image_25.jpg,0.2877572118302799,0.042145687895449216,0.0049470435887194325,0.0014775894177628873,3.2988495886781722e-06,0.0001722916585257959,-2.2531404858734878e-06,1
data/FB/image_55.jpg,0.33614081686629704,0.06114642881855224,0.007087086901291958,0.0021705292735955325,5.612867141386676e-06,0.0001846785780530011,6.400530990347067e-06,1
data/FB/image_3.jpg,0.2747959568175299,0.03756779683002439,0.00507854173103439,0.0004567478482646125,-2.6292438309951276e-07,-6.0035565646291135e-05,6.440381819680799e-07,1
data/FB/image_50.jpg,0.25059245942661146,0.03194471577179513,0.001296893924098205,0.0001744129926940688,-1.2425181092695592e-08,-1.0105876282642264e-05,-8.201491894070306e-08,1
data/FB/image_53.jpg,0.4224224427546905,0.10687135404727399,0.012179448940636514,0.005997015540800383,4.971974750544635e-05,0.0011064224777862263,-1.2441219077678245e-05,1
data/FB/image_1.jpg,0.3603600488813424,0.07961135633235232,0.009610981204877701,0.002705097236386433,1.0612395861867992e-05,0.00037917571224146414,8.810415437279276e-06,1
data/FB/image_7.jpg,0.4578732610178465,0.16125477216481968,0.0007732987528837777,0.0001058796825577985,2.0862731479460836e-08,2.0180809384787464e-05,2.1968726501519197e-08,1
data/FB/image_28.jpg,0.2717386974879735,0.03990249526689946,0.002380353355890362,0.0005909168347236961,5.193919842151031e-07,3.104487630362125e-05,4.705201085398623e-07,1
data/FB/image_51.jpg,0.23904136400530995,0.02832736897605924,0.0006856664977508765,6.802011610942264e-05,-1.1498770943599898e-08,-1.0165051449160137e-05,9.141397448445677e-09,1
data/FB/image_11.jpg,0.2252853327520165,0.019666896191110186,0.0010815319994412155,0.00047251845545827,3.13358788548987e-07,6.145655284327823e-05,1.2613053427405794e-07,1
